<?xml version="1.0" encoding="utf-8"?>
<modification>
    <name>Add «download» button to file custom field in order</name>
    <code>custom_add_download_button_to_custom_fields_order</code>
    <version>1.0 3.0.x</version>
    <author>HDDen</author>
    <link>https://github.com/HDDen</link>

    <file path="admin/controller/sale/order.php"> 
        <operation error="abort">
            <search><![CDATA[if ($upload_info) {]]></search>
            <add position="after"><![CDATA[
                            /* hdden */
							$file_link_html = '';
							if (isset($upload_info['code'])){
								$file_url = "https://pizza5nizza.ru/admin/index.php?route=tool/upload/download&user_token=".$this->session->data['user_token']."&code=".$upload_info['code'];

								$file_link_html = '<a href="'.$file_url.'" data-toggle="tooltip" title="" class="btn btn-info" data-original-title="Скачать" style="margin-left: 10px;"><i class="fa fa-download"></i></a>';
							}
							/* /hdden */
            ]]></add>
        </operation>

        <operation error="abort">
            <search><![CDATA['value' => $upload_info['name']]]></search>
            <add position="replace"><![CDATA[
                            'value' => $upload_info['name'] . (isset($file_link_html) ? $file_link_html : '')
            ]]></add>
        </operation>
    </file>

</modification>